{
  "train_loss": [
    0.3724943470906436,
    0.2817415917307381,
    0.24182499169818755,
    0.23164654668511414,
    0.21792091377745798,
    0.20073037921655468,
    0.18646199589337759,
    0.18905422109656217,
    0.16226755227984452,
    0.15391776990902617,
    0.12622729949350278,
    0.11363036158244784,
    0.1320756141974674,
    0.10786365071023868,
    0.08764549747594004,
    0.08332940506014397,
    0.07927422310278667,
    0.09811447103454815,
    0.07362412203981625,
    0.10903705992713207
  ],
  "val_loss": [
    0.25181291772509523,
    0.2539565023386253,
    0.2131653055548668,
    0.24098633567117295,
    0.20072395087413067,
    0.18955503390082773,
    0.4206453416988535,
    0.14095653129636115,
    0.16893084150440288,
    0.11429003120030996,
    0.1146077257844637,
    0.1270700309355304,
    0.09448073713003464,
    0.0828347348098485,
    0.09426528531706559,
    0.08619375400385766,
    0.06853683363154249,
    0.07356410234604242,
    0.1059909408103745,
    0.0843182957537894
  ],
  "val_iou": [
    0.8087211791074501,
    0.7940218223715728,
    0.827855257493145,
    0.8082181698871109,
    0.8429754128995931,
    0.8642658445070375,
    0.6692653506431939,
    0.8938889244817337,
    0.8752593229401786,
    0.9065124426247939,
    0.9066368678830704,
    0.8942170829143165,
    0.9217727746603623,
    0.9299993278845301,
    0.9220116869458612,
    0.9306088382343076,
    0.9408348753767194,
    0.9401445973594234,
    0.9185728835609724,
    0.9289956407726936
  ]
}